dNoa,IntMom,Spinoff,OScore,DelCOA,IndIPO,OptionVolume1,AbnormalAccruals,CompositeDebtIssuance,ChNNCOA,OperProf,ShareIss1Y,grcapx,BookLeverage,GP,RDAbility,ChInv,NOA,GrSaleToGrOverhead,TotalAccruals,date
-0.007710223325164384,-0.05983775148480304,-0.515194315215341,0.04425191401250084,-0.26038616736482206,0.33645417542037426,-0.30432138388389396,-0.5078033188233604,0.20654483330570667,0.08138770222339073,1.0,0.5720723604499925,-0.6312072579640564,-0.44644032858624116,0.14560107404577588,-0.10837620446798085,-0.1995460317655289,-0.20605156470101973,-0.3504749835125718,-0.809378525870946,2005-01-31
-0.2832517357936467,-0.016340119691129612,-0.37492455957817944,0.2712206679554558,-0.5230360751473448,0.1121132321540096,-0.5002335588487201,0.03670285471740528,0.4636452149495871,0.42886772062950385,0.3529159486667444,0.29716989798748256,-0.6861028904486307,-0.230532829187716,-0.039105104234909725,-0.008461529856983327,-0.6152865821424676,-0.7341711785029205,0.0342357204526755,-0.7292577862230878,2005-02-28
-0.28996941485176597,0.13244584367600787,0.5652016685394209,0.5185428567815814,-0.4694656163243881,0.1377323323206003,0.29400054441353063,-0.524254091117204,-0.025251122333625448,-0.06643598070013916,0.8651665873957692,0.6931078849056074,-0.32830917817919403,-0.4332315570860501,0.08281714889208429,0.6750493278436542,-0.2578392300625354,-0.5376265065607855,0.007721574304880602,-0.7005738378970948,2005-03-31
-0.5183639200530836,0.3115406610405401,-0.03990156524155522,-0.024390012743873757,-0.5261982678705763,0.3385486344935337,-0.22543676424087436,-0.5913266746356635,-0.3639170770662758,-0.5233996248204663,0.87709201813941,0.3680967205879357,-0.7337875305995433,-0.512470048583303,-0.00041728313267855137,-0.14969919614792396,-0.5977201365726074,-0.473162376988215,-0.44689419096961147,-0.8069651047462003,2005-04-29
-0.48488473668803356,-0.31473401398380846,0.9759854796481106,-0.11339844713388561,-0.3653435555033797,-0.2150643655775146,-0.13423650292274356,-0.3656637584276237,-0.5531051076756757,-0.14568800369644175,-0.3831678307084798,0.06951094126605381,-0.07204556876826436,0.19448675650542757,0.25597342442968485,-0.40775228115236845,0.021699508164013614,-0.0717833256351263,0.6630004349281814,-0.33061991963964854,2005-05-31
-0.1282064897375512,-0.08670134193330144,0.6277826986535966,-0.1279014039874394,-0.1476127110476829,-0.6938303036753335,0.30398557394894754,0.45384317180524547,-0.13858335514082581,0.10486505124271447,0.08580906432089613,-0.13932015006940093,-0.20749268086693917,-0.08052332069052079,-0.17900179356163978,0.6630543018231796,0.013993288771553924,-0.4072019163372875,0.4921957610007963,-0.3914147483767204,2005-06-30
0.004304840701884999,0.1261012544261471,-0.5353756031516811,-0.4764006207282407,-0.9923099318876808,0.10480294128119623,0.2624857794655606,-0.42046513257353596,0.026955670512960606,0.5424929879885046,-0.09719822917993479,-0.3407641293233975,-0.2918974371047722,0.15154015448849506,0.1006134635590663,-0.5508841273001149,-0.5313810299929868,-0.12271934500394922,0.979356051583064,-0.1543265316882056,2005-07-29
0.4317422088787608,0.09522065885599279,0.01883616963592944,-0.3101781207497889,0.17272719210938442,0.28033626015531904,-0.26472007716790025,-0.5373597674292476,-0.022862100108162364,0.3767028627477524,-0.20211533347419702,0.3515061520580982,0.2661562969150211,-0.07264317609005903,-0.5032556563179548,0.378751108709639,0.30474365540471315,-0.05829146752573011,0.04821010329139824,-0.18291319257520797,2005-08-31
-0.1398980400829441,0.1897046505999525,-0.01698514409274683,-0.4184557980190246,-0.15484129752043607,0.04899053982279775,-0.3653000391596163,-0.3020869977139854,0.09111833531675637,-0.03887221353656377,0.09982395931269371,-0.09014654832092087,-0.09898313427483263,0.008944872314727292,-0.4345861442323124,0.09114849187147592,0.08838318612093746,-0.22874517632232855,0.7441795426480285,-0.322530637859878,2005-09-30
-0.3511537072457669,-0.09902193350771715,0.45595634017479664,0.27950459533344363,-0.29750670894261305,0.21800965150664198,0.14147061634306335,-0.5521252288589862,-0.05041581790942615,-0.5911963907424537,0.319661230514178,0.3195182419650922,-0.03171788122111398,-0.5332931743075742,0.8362361190632588,0.020672033258818282,-0.42145156907418857,-0.11557578406275021,-0.07282821298366438,-0.5310831413868756,2005-10-31
-0.7750604930200767,0.2643584748350889,0.22162280582916677,-0.10425319945113816,-0.7892710132307655,-0.09484313970719624,-0.23393245231138846,-0.6175310906880467,-0.4231852329286212,0.10854778929861092,0.07712284993689783,0.03171087715238509,-0.36502505248426415,-0.05251164854265508,0.07100722948218013,-0.05207576850728532,-0.7688313570665253,-0.24207661242238537,0.6252076967698348,-0.6355680801246392,2005-11-30
-0.011285621488573205,0.08511569900695706,0.4262273169643489,-0.020551538562590385,-0.27466030046289747,-0.2881652817691194,-0.19475230911829355,-0.31530234778814875,-0.12513866276159644,0.3924656900468231,0.3525419858998792,0.16671327526353347,0.07586790651440464,-0.07821436548524374,-0.2963794525364347,0.031122012953656783,-0.23047072018067133,-0.1487443463809373,0.23374906062880135,-0.12203287498165176,2005-12-30
0.1006076201181535,-0.47106141834116394,-0.1143099791026991,-0.1835432776208904,-1.0,0.06612387045561294,-0.19307058235860222,-0.15543345818730364,0.29184839613622926,0.5247361445032915,-0.7361956543796954,-0.4902606740729514,-0.11453316257359242,0.8377532562000466,-0.3765061959217044,-0.25748984841607186,-0.528899571311581,-0.19753620634940405,0.9999999999999998,-0.16158718038572162,2006-01-31
0.14659606685834953,-0.4565302399266361,-1.0,-0.2015881402007949,-0.03740287914910742,0.08462120857774191,0.33911208928188397,-0.12554274850021427,-0.15945651508816053,-0.3188522469971626,-0.11311233267419937,0.1029501582929624,0.4861095892278471,-0.2025014968795507,0.03577620770180597,0.2127195491840167,-0.0062648937099833435,0.21408971471638016,-0.13520574671482724,0.06914243530836123,2006-02-28
0.12840249551977298,-0.3678955017808042,0.4007983147197034,0.26842799111693105,-0.45917658655173954,-0.03978802091556779,0.1933090647556704,-0.011124321901544235,0.22974720771301121,0.026341658459339473,-0.373626315438948,-0.06410018520750477,-0.27042462907666065,0.08133573923228088,0.06570073811110284,0.2086326234303149,0.06064963993888903,-0.20348621220680993,0.4289381853177164,0.09313553386661455,2006-03-31
-0.47506923126725015,0.07114622841358642,0.4273590319602795,0.36994250918158017,-0.2883138104481544,0.16408510431848936,-0.09445355232318177,-0.5553419493479599,0.35807331010616783,0.00898966267403517,0.2514698004930832,0.20971777288083862,-0.14125558832752866,-0.134199685730187,-0.2291198906635033,0.026147721053909515,-0.768558966905974,-0.3302296452692993,0.3017341283909238,-0.5051221566655992,2006-04-28
0.36555641227295793,-0.2569364268769426,0.11294011948093205,-0.007661528644434659,0.3986939215565416,0.17364806794467644,0.6769087523403325,0.03861241811720918,-0.4879612349467964,0.22361616779977966,0.8988203306092677,0.547872046869279,0.09331413264901361,-0.8882697346372858,-0.3531373658544854,0.13442905142513956,0.07204882444644825,-0.30072051315242243,-0.616542512678703,-0.26211177390263823,2006-05-31
-0.23624894323327236,0.14790074541783937,0.49729396950232496,-0.11387267051062826,0.2932032610388552,0.054566577308427525,-0.4382488985125245,0.337532995896006,-0.29344466263702695,-0.01801768935654001,0.48818026602440584,0.05610931158642793,-0.2692765847098665,-0.43321940349506255,0.11108763774861458,-0.1784814966095017,0.2722340344342412,-0.5147675788348611,-0.1366097459504486,-0.45904920285748874,2006-06-30
-0.18460108878751108,-0.5477785111130056,-0.6137903380925152,0.013349120746609683,-0.00945693609942816,0.3793060550143271,-0.012657006267430215,-0.46828142516131777,-0.4655786811749078,-0.043351484514223645,0.5438447616660372,0.4769460831016931,0.07225538158976624,-0.6968527808260967,-0.22417641135942729,-0.02463121871522654,-0.06992743434082652,-0.3653650826706679,0.20984392584504616,-0.510561603256195,2006-07-31
0.18434597206153702,-0.3948088135187686,-0.1433700740188413,-0.24570853000639803,0.24226247422091596,0.1757561937759384,0.11178395730806917,-0.044706781455170146,0.18427499134258296,-0.3380869470882344,-0.5187160077550826,-0.04061007809605824,0.06148842987237266,0.08341399606195449,0.13837497732360118,0.3581059966015237,0.2730634358917774,0.04589834422554567,0.2928586438991061,-0.0813646078440867,2006-08-31
-0.46495793383913103,-0.44867200349775094,0.14563678761980745,0.12421755460664327,-0.05572435601043922,-0.1920569797430115,-0.056732263166184765,-0.1332945029469771,-0.012246856977022477,-0.5376580203921384,0.4938907319329515,0.569620411151452,0.059863472554571834,-0.3323573388965785,0.5456682712154947,-0.2262598748930939,-0.48108150141213607,-0.2532356254607663,0.02640028906180087,-0.34109915273059266,2006-09-29
0.10655206634226672,0.10113267348804239,0.6433460194656948,-0.4205315853592226,-0.5009198968151234,-0.5427944925308031,-0.19823950861767592,0.030318201107516193,0.1910182341269856,0.13299406110639253,0.1640149978676628,0.020297863567523743,-0.2287930348812467,0.23970626162473663,-0.28495061522774773,-0.09567574214163502,-0.5708386641993135,0.022503924216352167,0.4279927503287916,-0.07370085834156534,2006-10-31
-0.12500735140347669,0.04621529101373448,0.15463283962086394,-0.006862037678997901,-0.2814925632157256,-0.08165841755639225,-0.45472422898150144,0.23790538807056444,-0.2876518921604937,0.12274327163154222,0.024314344273134274,-0.15609529248291332,-0.2947450822752251,0.116188268377867,-0.49552473933510166,-0.09385558087932286,-0.32316141292992445,-0.4042726134009898,-0.02177483389694923,-0.35705311275083207,2006-11-30
0.32647096287856686,-0.1786473340396154,0.23545495683422615,0.130375859827203,0.13822324094706556,-0.012750730897152649,0.8250641511505138,0.1338692185918541,0.19518929529276724,-0.37112173588579545,-0.1971107075991581,0.33288743967265666,-0.039493741378713226,-0.21509560266855937,-0.143862517915957,0.10818785431136341,-0.1114568011602236,-0.022675064505447234,-0.4408462260037448,-0.10046930187701003,2006-12-29
0.34988511752824575,-0.16297614281114928,0.24852837961448399,-0.3082193485146143,-0.2502675268209333,-0.0102388678736779,-0.42701722237831985,0.2658978974716446,-0.004768003441105881,0.17708616953017037,0.39903867229405526,0.0895902021018702,-0.21170581949203227,0.013672695883291341,0.35334296089057543,0.3573325012417109,0.05871411854571176,-0.12069453024601182,0.323079650507781,0.16734542060512136,2007-01-31
0.3542537473791595,0.012546167911099249,0.23224122334565128,0.18220706032267125,-0.2995683467737684,0.01278595066997628,0.17641367531534424,-0.25865123389386513,0.3991415317826913,0.4325977211855675,-0.004498889369048117,0.13629631132617614,0.12082043761028072,0.020604950818084583,-0.2472712157550246,-0.30120378566776457,0.24636401966628718,-0.17548237735281993,0.1363790737735873,-0.2550079027440519,2007-02-28
-0.10098855188126082,0.3378970767607654,-0.0755299083122667,0.25370142309929133,-0.16299340160979917,-0.15748121608636892,-0.14592589257590652,-0.046458184805458734,0.3330208994757936,-0.1126032975254497,-0.012054241315805611,0.15716633679689154,-0.28838070502470725,0.0455797652830805,-0.3325629967437689,0.09723517735835732,-0.12070445766280088,-0.24624929733323028,0.3957719751581391,-0.44654496243820085,2007-03-30
-0.2828816074481455,-0.1933038709408343,-0.455241463395355,-0.12669476680630126,-0.6300627569483142,-0.07012790510968328,-0.8806999874952531,0.40437043930743205,0.15324462106679893,0.6576432042193372,0.4675523883146398,0.11502021188755274,-0.24667271341953306,0.22515927370606548,0.11248432345800034,-0.05517447551728244,-0.04996257590213116,-0.08826680214961738,0.13432578049308322,-0.4044209910800767,2007-04-30
-0.5772810212616938,-0.037918993241166696,0.38196912355035006,0.3549439594749617,-0.7698358514424553,0.05481273494061569,-0.36790854145325147,-0.17266895927486273,0.057559387155598246,-0.061067674977623075,0.4090137877431106,0.05487155269343849,-0.3263483675821707,-0.09603400266934817,-0.01812905081831305,-0.04356870295351896,-0.6788185575104834,-0.45886730853983687,0.561564751919369,-0.7213935212130549,2007-05-31
-0.12900330482001243,-0.16879815451560576,0.10401607932591266,0.40174790971451724,-0.2387664840984876,-0.25534010562633586,0.1336850164911857,-0.2792897818636476,0.6718300691235309,-0.11697883500344743,-0.14854714347857956,0.1555063708597105,-0.11219289828747711,0.15875197739362762,0.07433992287884411,0.2031447753081497,-0.07871696881624915,-0.30824953248518183,0.08140573109456002,-0.29792954962809337,2007-06-29
-0.11651451948829257,0.4879922681547483,0.012560647460234435,0.19887331349706128,-0.6471595429128214,0.10693029103201655,-0.30377200314839853,-0.1896103028643789,0.5548077350574113,-0.022315681106059998,0.1975169785526983,0.0268298003856189,-0.20473791162197452,0.39478928901277965,-0.11952689204370337,0.30360896250775693,-0.13099426370618916,-0.4230329540585894,-0.0805960461942439,-0.3617295092085291,2007-07-31
-0.6790400605913218,0.29656864434463837,-0.8003092374595667,-0.37258218143596145,-0.691256300343159,0.19776424190722533,-0.25909180244447766,0.09641703580535468,-0.5053739622999174,-0.48843558991458413,0.1980757771755182,0.06443979813782058,-0.3504296726135335,-0.43277778857726035,-0.025989187055678237,-0.5765975068990019,-1.0,-0.44787368076593337,0.36571694600275007,-0.734989685020505,2007-08-31
-0.5662501430507647,0.16641376298265065,-0.5187592268857384,0.006309385885944707,-0.7283383208391925,-0.1718245260559534,-0.7186187544221296,0.2570240178280245,-0.37128556125793394,0.06112494098886398,0.07397687096551558,-0.3571645319275054,-0.5631709583452587,0.28955905804830745,-0.43577771369579577,0.19478166517335946,-0.41438164240412134,-0.5855595406476919,-0.183481796707048,-0.48792203102939424,2007-09-28
-0.6797438141181693,0.46371173123177145,-0.23986814268153042,-0.055660703161707376,-0.7354779438991891,-0.028162596533561297,-0.3083030763167993,-0.36684996602760256,0.7445417374367829,0.11064371937006226,-0.14576291131164643,-0.1897276649659671,-0.37130511868323657,0.42463258937936144,-0.21655077989743662,-0.016346904762845997,-0.6022731315640025,-0.13202354174024167,-0.11878213755647485,-0.8426226767470805,2007-10-31
-0.6401941665579465,0.03107506661725054,-0.47464973099513585,0.5565690369930888,-0.43454937459586856,0.1514839515341407,0.29933884270228656,-1.0,0.31795868459163196,-0.8328469185012513,0.8618736059900579,0.45144391591460376,-0.5553730425313019,-0.5332178005100063,0.3093549769129641,-0.34117856165971333,-0.9170239115252484,-0.16477600467116157,0.021470100066073722,-0.8417029316661302,2007-11-30
-0.4142957987538043,0.32749043440479636,0.2320413709080767,-0.16656698645649679,-0.7725981285747351,-0.17879960587545213,-0.00967341695830648,-0.5510339386245343,0.7565617957486568,-0.04798055494437678,-0.18497715957377886,0.27336991041284553,-0.6336260795138687,0.31603471027484425,-0.3725537526005036,-0.21927642657514534,-0.6941437839274266,-0.43928628629862315,-0.07254247534926203,-0.7241016833439979,2007-12-31
0.07605483875050656,-0.9185787064748135,-0.38747509696522164,0.405171614097641,1.0,0.7354104938661543,0.0368943319407557,-0.4747825367941337,-1.0,-0.07880072594549414,0.6476396922867685,0.3656896689385826,0.5672344135504378,-1.0,0.3444665521269645,0.43999756525519695,0.6143651504453759,-0.18400960840532093,0.27801528599248915,-0.18990493691324048,2008-01-31
-0.33848901396379283,0.8713986667773781,0.23803873098996628,0.5722564385931952,-0.6385450975392795,0.332204158496908,-0.050417471826540286,-0.4708892910194988,0.005015788658090173,0.20722010368226274,0.77350332033887,-0.19020297566335626,-0.368301997894946,0.28616599866842646,-0.3102042245544236,-0.0329075547078633,-0.3974038531208541,-0.36390136674775325,0.2212580577092511,-0.638378499817136,2008-02-29
-0.3018608195194814,0.03919221756431496,-0.08524084657503962,0.6473862708946816,-0.17526674422812683,0.6351799445436773,0.6078908301806091,-0.4719189764608516,-0.007704775497223093,-0.17086867053692736,0.24612820193201487,0.5799279909844003,-0.01950346929059818,-0.42336868565606234,0.15415349690207997,-0.32002758943979054,-0.5420574356119088,-0.3104842446679331,0.9207192774711203,-0.6479416071046269,2008-03-31
-0.8951021502763999,0.3736730015348996,-0.07636481018261161,-0.1452335637406035,-0.703727941661813,-0.12105314756630141,-1.0,-0.19529449472018084,0.19609051778888237,-0.6986233517212788,0.2319615859574058,0.4081974041171323,-0.6962660711241483,0.32888344943151376,-0.10158555957813076,0.26022394632709855,-0.5327653072417071,-0.8853950203683132,-0.04753905672112116,-0.840333098240349,2008-04-30
-0.2161504772104209,0.26491618276701917,0.9404918479512662,-0.5374601205848366,-0.6882049777009938,-0.13926118499907733,0.12637182957647425,0.12935700901690622,0.6904810883686014,-0.0948587056778796,0.022064923472636413,-0.08052436240285857,-0.5041801919438453,0.6735711586797241,-0.22881022318043143,0.9726475157686075,-0.25030940627965853,-0.5507878330467322,-0.49675910595989936,-0.6097424763782822,2008-05-30
-0.7058008867558779,0.876210950474567,0.23825334679808094,-0.30893229284649304,-0.49202382183360377,-0.5506395896055236,-0.4814854991872985,-0.17630300451951225,0.7332352309396557,-0.021472921570080766,0.2003409547953982,-0.06211859911555423,-0.7354602305289043,0.8830330718468973,-0.1089910834031654,-0.23861204831213795,-0.521759951796666,-0.6439671296115874,-0.16595931178036372,-0.7367946540447289,2008-06-30
0.7764625898958287,-0.46242082923332534,0.35904538745417824,-0.8707222078574577,0.13796091485068074,-0.09704229963941938,0.8333057496982499,0.028813780563447744,-0.5289423228176487,0.3513620723129852,-0.37427273388036675,0.6103755376883191,0.5171732965463952,-0.8222681606978822,1.0,0.08304594612567107,-0.13371923493478194,0.4810781038654268,0.6229912439309196,0.10738074461115754,2008-07-31
0.21000883367724288,-0.9857627091733965,0.3120358681361262,0.11864694864262679,-0.031693372384327276,0.26526314187593697,0.22085695608920347,0.548745339669956,-0.287831963156545,-0.25885497190232887,0.2626383413879867,0.7320277944054399,-0.0686342562605335,-0.2722862654763534,0.8720463817127937,-0.7833553727344209,-0.39733773814641504,-0.41594796261728434,0.1437558537455856,-0.20689520898651703,2008-08-29
0.2750334152222225,0.4267719432673751,-0.36441248047683183,-0.026499732828565853,0.07310467397366491,0.4206351770711689,0.47551362515112805,-0.44317945170457873,-0.34271218365208334,-0.2884750327207337,-0.2401876747509416,1.0000000000000004,0.5679736309433773,-1.0,0.8305725410924707,0.23416108400125862,0.34020462765094345,0.0510476040987724,0.9256973603198945,-0.5092554873540613,2008-09-30
0.19404410244231934,0.660257652967282,-0.13575227781933835,0.10827394589522202,0.004519415145466693,0.26887173275030307,-0.4077903283833204,-0.9758641341977523,0.32610777010833003,0.18018242302060938,0.7583202051340091,0.9455223520718206,0.8555635280586088,-0.47519746673866864,0.44032135232043457,-0.4738926365103461,0.8230349694903888,1.0000000000000002,0.6853354935081886,-0.3230571323909388,2008-10-31
0.2133453630087272,0.9875456937166911,-0.03212735603635092,-0.1674198436309606,-0.19226421716498868,-0.460933964962267,-0.4127882873746429,0.13436677084485987,0.7597032522002993,-0.7667964287839989,0.7080223527080705,0.43975453261863123,0.19646606413673,0.05731785554081456,-0.23987139728927492,-0.4731081985993877,-0.07185906861097988,0.8170937126075739,0.5087971918705217,-0.40143211480879804,2008-11-28
-0.9447596000675563,-0.38630277158295634,0.5788959104871519,-0.2514375293926219,-1.0,-0.7000227947559886,0.47413867320627034,-0.9994562005422665,0.18478391757155788,0.8281617657136718,0.31188737475211037,-0.07245421340347327,-0.8520347944008981,0.37979510283474827,0.3858754641667951,-0.506246573557446,-0.5334159835666628,-0.29095666753089927,0.2739387294772037,-0.9324056077721101,2008-12-31
0.23055907752957117,0.8057622338311926,-0.3815578864794411,-1.0,-0.3057952392207284,-0.1942171125873195,-0.6868247830728468,0.5292148386086197,0.6410160950771856,0.5987461913883788,-0.3455425907281088,-1.0,-0.17797713382744418,1.0,-0.7594741388194944,0.8904196918368037,-0.20186932297126503,0.5917050301221931,-0.4533015626632301,0.9844293122393174,2009-01-30
0.21655720254376665,0.9468137993230552,0.1245067555580566,0.4108596947283927,-0.5909295184537837,-0.7319001366642051,-0.5448117862610877,-0.02606872850846831,0.42384786665616814,0.4374081546502322,0.08343182922874695,0.5311772100360006,0.324557579733278,0.9528346289436427,0.6521815407011112,-0.6254490469447238,-0.48830796477324306,0.35650052502872787,-0.4212771617940071,-0.16593564625161167,2009-02-27
-0.15285578973047445,-0.739292580729514,-0.10869938991966772,-0.007122037207999976,-0.4514663191700568,0.2839593634658828,-0.007257069714710351,0.9937091892378931,-0.9845435202255937,-1.0,0.1193942274283822,0.655092074611843,-0.8962593694543425,-0.5314286747780934,0.7273294139375882,1.0,-0.7420694456703731,-0.023848804365027843,0.43956685988770916,0.9068382612618685,2009-03-31
0.7504387017920163,-0.6726116074478451,-0.5629092150125009,0.8194150390352357,0.828970658832029,1.0,1.0,0.16347514378414602,-0.01077230532992024,0.0625430615159496,0.7144793277051583,0.2047811389860352,0.48665504375331925,-0.40105066599791683,0.358995650891229,-0.4583302661335697,0.8986096731674184,-1.0,-0.9303910290017696,0.08529372472803154,2009-04-30
-0.1800442175638176,-0.9843639075946786,0.9198395472909844,-0.9139052984744803,-0.16842723800220474,-1.0,0.10982024956904263,0.8031924831128979,-0.03089446740062303,0.14424830977631214,0.07388905634082554,-1.0,-0.8123723392287662,0.523876266675162,-0.7660270959843538,-0.06614999140876501,-0.7829837448970285,0.5624261642300281,-0.3125331677800526,-0.45160511911707857,2009-05-29
0.2016980852042633,0.3345238068934004,0.5993418935045216,-0.9693762200295942,-0.5159757119156585,-0.7946732599795686,0.9223657349199339,-0.29877641265710164,0.3453283210166457,-0.10120486924298196,-0.801434155053481,-0.5505824025171515,0.48284806789699075,0.8492368152626688,0.4514384987315497,-0.13158513611910605,-0.06643415091576686,0.2997785673166396,-0.3341179139745077,0.33700008127598524,2009-06-30
0.7601271803954874,-1.0,-0.10788733455435583,0.2967893007729508,0.9443459768390725,0.5336579022097743,0.09759446993243764,0.646679780065945,0.034437444780788806,-0.5960579604909307,-0.18761766994242216,0.4939037286228825,-0.18329779289887346,0.04226475013417466,-0.4076073326369444,0.9998023102891931,0.6525186134426042,-0.4154023186624263,-0.5609455700694126,0.3892678256372606,2009-07-31
1.0,-0.6588815296213861,-0.47947855486860863,-0.05979612366738861,1.0,0.10584271852684565,0.24370420110021251,0.8366716982002365,-0.035439697423714625,0.9868377000282614,0.16647642032222934,-0.21645332747304485,0.9470545345565454,-0.4343233954409156,-0.08534884561224346,-0.18664412818669307,0.9999999999999999,0.25796805971234366,-0.4366693564070353,1.0,2009-08-31
0.4302014000798513,-0.3315500714840363,0.6906799981002528,0.4685708864127581,-0.13115385454420778,-0.18453548764181774,0.00822207070949682,0.3317097177155701,-0.49703018767719886,0.4205926129545595,-0.2579168955858685,-0.8537690067312196,-0.31222929225368057,0.7249659341475133,-0.1840154662675783,0.35386686590633265,-0.3598075524693797,-0.2716254217650632,0.8888991909591542,0.2021325469390871,2009-09-30
-0.8955650840260378,0.7174993199924218,0.006961268066653158,0.9358207128129074,-0.5724821222263345,0.1109035757195848,-0.2925050586305422,-0.8486442872843932,0.14675287033153878,-0.9782371471953154,0.7272816435716221,0.7503066099536427,-0.06199523601114316,0.12558023342623012,0.8812059554160265,-0.4527142343463508,-0.37264609595866605,-0.7877781680314752,0.8461311880465391,-0.9320491109244252,2009-10-30
-0.5718514485314212,-0.10126651460447136,-0.3425334193698705,-0.7315064054663406,-0.3794678298708667,-0.6544604884485963,-0.7501236388925898,-0.5062656248793098,0.31591822301874123,-0.812972348685714,0.12090845665764119,0.341094835399293,-0.568100489627345,0.625897784176602,0.04768905827143969,0.12899149449947878,-0.25742637898575865,-0.6080086953100583,-0.0877243230414633,-0.6519602132431007,2009-11-30
-0.06915772220322908,0.4663152219180957,-0.037137840810243315,0.028971511802149658,-0.05445014861925275,-0.07873678931557525,0.525780978149223,-0.09170734915276385,0.07505864604358906,-0.20735166012111667,0.029142538965547596,0.18047252597997473,-0.17267786569578722,0.5493456388761226,-0.3203178933161254,0.38204814168515855,-0.08371404786397305,-0.6639755386212745,0.4135248059752844,0.14883588645748697,2009-12-31
0.8069882861837299,-0.9788546692486998,-0.06449485689127565,-0.37274455588878735,0.5135961573711804,0.5678719097210089,0.3777890054538835,0.47776052061376306,-0.518205597453613,0.7181264078432601,0.09413648034967019,0.04712597892668431,0.6713418031489512,-0.982646591820278,-0.1435278438615202,-0.5219170770805306,0.5436882573882077,0.10703221978532507,-0.5399235168752637,0.23245883862856925,2010-01-29
0.06819061413692953,0.30018552019137956,0.358422522854681,0.18690771206617696,-0.138422561834795,0.654876521755309,-0.3422793156300303,0.2891964751352049,0.21738363317329124,-0.03471100493740478,0.04433638038379188,0.27280779818082856,-0.014019806542272181,0.17590643755802488,-0.013390424290368373,0.5735854944069655,-0.2461212329485936,-0.45050394854655385,0.08276280730638447,-0.08514846899388848,2010-02-26
0.43194853171590264,0.27059381062319643,0.23505810241431183,-0.5195633575422275,0.65724905536856,0.0008693093552017334,0.18283865891837592,0.21054639522839164,0.28681871086428584,0.05670317602101274,-0.0564957428226963,0.22078542926980835,0.1537426129070834,-0.02080820564123441,0.17948588899076137,0.23733265052338423,0.24286180343010344,-0.09691266843530706,-0.28552420056399097,0.36123929123616016,2010-03-31
1.0,0.02155205533821236,0.41102003147679717,-0.33334261326654313,0.7902066108894666,0.7648133734632172,0.6131247425277547,0.3969756959421695,-0.8296806577124317,0.9999999999999997,-0.31257524443244183,-0.4004798541032505,1.0,-0.68247199952312,-0.3237582772371791,0.6068883988178624,0.3313523474882494,-0.1389966981574425,-0.30559650837060187,0.6757752148105274,2010-04-30
-0.5900467251641066,-0.4809847757385453,0.7579876405038248,0.2441743570419065,-0.08806788899053342,-0.2181646734182487,-0.02495539772093519,-0.2361950906038726,-0.07945750564946599,-0.3984952041008,0.2568405263821901,0.5362974029317655,-0.10286923595088736,0.010591819125002788,-0.004930778174297774,-0.22775565709008855,-0.31566861183192374,-0.3697586998020282,0.20664835880398788,-0.34953364756608657,2010-05-28
-0.9921295932910578,-0.169026559925949,0.1462773497783009,0.14726644661664506,-0.8236636106431006,-0.23735801360590728,0.18367718058388804,-0.2746030226684545,0.1362906899699916,-0.39952009664279103,0.3606370588895472,0.340791341555781,-0.7690063443977774,0.2087131945932258,-0.6679624266600528,0.08175453756819953,-0.8742696658131562,-0.8732956206824841,0.7710717992104752,-1.0,2010-06-30
-0.010515803475728294,0.07407385581082548,-0.2633009454338051,-0.07463077971801144,0.09898998032956649,0.42806487881291094,-0.08429263003047965,-0.06950118589740323,-0.26451073623999155,-0.924643114746126,-0.11149908949084764,-0.004483262526299325,-0.1423090495631062,-0.14109488367937587,0.02962625031247009,-0.19323065696154668,0.5712544703215642,-0.37132009231150054,-0.21396803434893674,-0.13054898787304473,2010-07-30
-0.9318170178887646,0.15314091724309625,0.10608901430848135,-0.10392555678708452,-0.7958949329162313,-0.2543246576009333,-0.9972831505037184,-0.11680663617414612,-0.4654447895652128,-0.19618994235232967,0.18853714796365,0.3586034663850303,-0.7156271432306806,0.14971513852023005,-0.6462639953560994,-0.7339849551903146,-0.5718058547287413,-0.47838687696755006,0.16463729661651685,-0.7087880486003388,2010-08-31
0.5367089820652535,0.19166016967919974,-0.2173708604480961,0.016990457763659816,0.46404794925755155,-0.2238005138300865,0.0031760091670358648,0.7340164616420739,-0.6247080511428242,-0.38531296307818785,-0.24198189162853112,-0.29350133413283597,-0.009667557841586127,0.3246621188629608,0.45856110095740976,-0.9141697437611076,0.3287872121948572,0.18827355818420466,0.0731637845145779,0.22969960422354946,2010-09-30
-0.22734535700589834,0.07828471296220468,-0.32834744635012847,-0.028855362095040804,-0.18464047210613732,-0.20850037537087893,0.07180032890951138,-0.7474177063112646,-0.04603053574215486,-0.7659934612881312,0.14808644510527907,0.11738611585843123,-0.33670804532781773,0.18702196801154447,0.09935725197210096,-0.4954132082871334,-0.017256944446988345,-0.2833182322275528,-0.025908347915150662,-0.3538890706618001,2010-10-29
0.24970305702541346,0.23708000324079292,0.6742318194496429,0.1818336811128196,0.3731358261667187,0.09492471916877317,-0.2055591647413769,0.16389603874116665,0.0789496598656779,-0.9248358083491465,-0.24546034019732116,0.20147445389789512,-0.3195904722420171,0.3382130867721774,-0.046793500723530564,0.5286211623654729,0.42404185509307635,-0.5779935555497171,-0.011763063832481033,-0.49249805892982335,2010-11-30
0.8691489263950105,-0.17180493411057132,0.9974306322565123,-0.4829718895213514,0.4317802327480379,-0.10396136606859184,0.5524244792092498,0.857237803650666,0.3694729588722923,0.5073228067377292,-0.6742624411416872,-0.5729641274333763,0.742662940580256,-0.26991412001851867,-0.2154561665402797,0.06940994970799844,-0.44194406237017003,0.16762101790204875,-0.5023089088815167,0.46187402406990663,2010-12-31
0.4769861683894784,-0.3251783072856196,0.328626407947659,-0.09299181056843381,0.26250361169757663,0.11840872100911566,-0.24287162152644898,-0.3640430984174649,-0.08633657875056458,-0.003939570122754227,-0.21221469688805697,0.3697544495570478,0.4675416742537851,-0.22695493394053406,-0.28030736609039614,0.5971397046293105,0.012556004320700004,0.014208043250498126,-0.06897377005837013,0.14468306312579898,2011-01-31
0.3965267578064592,-0.013521230647019072,0.8372141011891105,0.10910362002067606,0.46686273312451,0.13143684422958563,-0.08100100956292558,0.6951131222597883,-0.028007100064308343,-0.30068160685555184,-0.4013112585281995,0.17811682078314756,-0.14813311110091493,0.1272341935757252,-0.33258004082075304,0.18918624867966632,0.5466198893833025,-0.6173808810615011,-0.24704223704135359,-0.05150386028233733,2011-02-28
0.11676382200187144,0.005659386929697724,0.06805814816643632,-0.5597955287012302,0.21911857765410053,0.3727847054597626,0.15190177723303844,-0.028870272973786373,0.13571176629621767,-0.5291881547884962,0.29457251744004864,0.1902125712791817,-0.20948372667668813,0.07371495489347413,0.13668645993399448,-0.22058568829205905,0.06447536262080741,0.14597100109526873,0.4215078652769955,-0.0896287480511298,2011-03-31
-0.5189194795657679,0.11483522639768473,-0.011061354871021714,-0.03409046048735574,-0.45723569718435725,-0.24956051117586342,-0.18027714530083033,0.091657895276654,-0.6061533756301775,-0.5876669257409359,0.25820598868918737,0.16706219818226303,-0.6516945332909521,0.02523300578412227,0.3662055503443359,-0.18651432478028762,0.04563145293618248,-0.35017397960955887,0.4176081240905994,-0.4987155286016738,2011-04-29
-0.3658867030553793,-0.13039079886560231,0.012657794512075368,-0.18067939658618395,-0.4738830083209632,0.09014351081830192,-0.018760675415407546,-0.17697921211044898,0.19716827114704472,-0.10819055746330372,0.3633431943059371,0.3942104549992137,-0.5897919795297089,-0.18113695886150896,0.5087122709010471,-0.008393144554372976,-0.2426773775833437,-0.1795527931124085,0.7409617499493919,-0.2589015558089405,2011-05-31
-0.29344957219054696,0.14599852003963942,-0.42362122879354835,0.24163348254451028,-0.059910399987171,-0.18710578770760466,0.09202547169242292,-0.6390458325771503,-0.09210421792919374,-0.35135514549433183,0.546538473515095,0.728754763601976,-0.3527663942168518,-0.30413060444287987,0.27097502519301525,0.11703592509708341,0.34791224203404264,-0.3881255841142057,0.17292700150286272,-0.5569554524826124,2011-06-30
-0.07539922248241115,0.45340727617862264,0.14671692758602756,0.2605616679998412,0.13448985307942424,0.5110189299472527,-0.2646741395008061,-0.07924644699108625,0.03465272433759259,0.12737757477105063,0.40038726600147484,0.14829784458257467,0.15662759756459074,0.12899237151052065,0.21819995445398715,0.015555657815990033,0.4597571305171534,-0.4690652345018771,-0.42306440807911483,-0.3196974205933014,2011-07-29
-0.2780212888813108,-0.0508182419348905,-0.18663575592737874,0.21620012921983184,0.26554027098045685,0.6652455231746257,0.0696361297546973,-0.2952152035686087,-0.11205226388001915,0.10954778678945087,0.9051451606558809,0.8616577754594651,-0.469163100951702,-0.07393354381316461,0.36548890152994246,-0.06552766793603133,0.20251152765364733,-0.6831585020340236,0.3080062483887423,-0.49557967587404006,2011-08-31
-0.0025355234091182233,-0.8604659127911566,-1.0,-0.16468087615277563,0.10275538831073372,0.2567197723834522,0.30081969470517783,-0.30686925258915143,0.32400974668755606,-0.46303816462593295,0.5818360981763022,0.9342193293492892,-0.5053894853768691,-0.16361830969554592,0.4827756861570905,0.5448868003567868,0.057007628488848994,-0.0006507225550770324,0.019354435041131657,-0.2958989581310679,2011-09-30
-0.5089863631876296,0.8300221343037634,0.9418017168610051,0.22763589777362175,-0.7657974489275325,0.434965952593783,-0.16179163348353476,0.53017061453704,-0.5258997543037066,0.3591412235975834,-0.08288031243374987,-0.29202950397745464,0.05329534930040214,-0.04609158329728896,-0.13528061118390844,-0.44614719958875243,-0.14056328445299185,-0.4110458722001785,0.5527620611143268,-0.786643470749207,2011-10-31
-0.28353793402644845,-0.19943430326251144,0.31980742258559425,-0.268260274144265,-0.39818921913530625,0.49555533620721953,0.12455819166872978,-0.6903137843401489,0.27368618457930977,-0.248490880813086,0.6379040105311946,0.48549029048909653,0.1992168819588599,-0.3412587184578779,0.20282666473714014,0.634047903992905,-0.11661362238327944,-0.4305741980252152,-0.16203269807155865,-0.7615177054167757,2011-11-30
0.3472869461860563,-0.3426782673114873,0.11653474890037407,-0.25346664788552703,-0.053904694380746604,0.21635436992129267,0.6713983551919407,-0.10030594979641962,0.2435102847182915,-0.1811078524018848,0.09146955088156809,0.37533917490496976,-0.1725441957090083,-0.6102724764285377,-0.189539653536819,0.6605786774819606,-0.3842829790825575,-0.315545793219609,0.17017932777275108,-0.20573324533364878,2011-12-30
0.20932017925212715,-0.2672263392164544,0.953239553784392,-0.8819430407876739,-0.2513637003048031,-0.14841280921786973,-0.33493551452404036,0.0712763695685833,0.4648825249956001,0.8061830211086778,-0.24811146105689685,-0.7178215272527,0.6447922746254593,0.10665105281744339,0.3545687071596475,-0.4629990169315893,-0.42851175440354244,0.49237133822508905,0.7252434624886686,0.25653806290244013,2012-01-31
0.30822860298780963,0.0523837910275293,0.3306021094209506,-0.3358411105155206,0.000999694729810957,-0.37136462039094265,-0.35095975797496665,-0.48525988718571034,-0.1795930924757549,-0.12764613447070003,0.20946011670812278,-0.02317516330107862,0.5382048140041671,-0.2332221328863504,0.13223609977876635,-0.1044422437486352,-0.4120437493738414,0.49388592905092843,-0.3136348126659902,-0.042791177894744264,2012-02-29
0.9642668744314504,0.12204237444052995,-0.12993495771868185,-0.2678063935264231,0.34354059411640064,0.25036642688374905,0.47188728442912886,0.08530747534088873,0.9999999999999999,0.6416170785152354,0.09972235369902549,0.2909168810953816,0.3390023127150112,-0.7010305535875394,0.6410699909004747,-0.08749851700236849,-0.008273473476323415,0.5623999044752022,-0.24681502647530995,0.29969486127379885,2012-03-30
0.0050576589285087625,0.5662116300257204,-0.5128525556706224,-0.1538040575923566,0.09313527467995136,0.14959896498814218,0.01898563776007567,-0.059931559148493886,-0.07985338868578601,-0.19584030777273015,0.4218103573950844,0.48484933184869666,0.26088729919214076,-0.29523881702186905,0.11259942006513395,0.2972936923275815,-0.1562283428560152,-0.5100161758440777,-0.22953665694673514,-0.27920375232470124,2012-04-30
0.8114417302507687,0.795342068748392,-0.15992985803266388,-0.44651280673606,0.5421375885636938,0.33522063475048114,0.4330528848312467,-0.42589834312593744,0.5357095180551746,0.18047833595225743,0.4290083507537592,0.45452751912006456,-0.2458313802057581,-0.36342238084722783,-0.16668369611095588,0.19437705925588314,0.08120554274137584,0.19765769375284614,0.3149769681263364,0.0666156244736687,2012-05-31
-0.053458474242350285,-0.42130117263692324,0.05049709429869045,-0.415655352631397,0.20367133514105779,-0.0705862849490339,0.021824825131245146,0.13705304443664676,-0.11267628710163019,-0.6676965538231125,-0.3019539485163301,0.16343186250535535,-0.049919774356565416,-0.15638734092862427,-0.5068053101227422,0.060147414690950494,-0.07621550506314687,-0.14780559398471216,0.14773462262804488,-0.41444396795092975,2012-06-29
-0.021326577986349265,0.2366738012347862,0.9699572498171611,-0.06861188063793754,-0.09008222755620608,0.5203979574929691,0.026509003609689247,-0.10828112033055369,-0.3330602034389253,-0.05333046790720668,0.6478597677050475,0.06671885217594738,0.06962047749416062,-0.41397581158849883,-0.2931987404681516,0.23405330309070912,-0.20762411179710616,-0.16284261960001709,0.378155409706646,-0.29914301880759536,2012-07-31
-0.2612476797140658,-0.351958815717897,0.592917069802261,0.2721538223667208,-0.4685915045034354,0.7497795643396636,-0.40848434348884655,0.3799948110867932,0.4583589771269667,-0.47703517797215733,-0.2617767476785022,0.0060456330140186,-0.0473068917303433,-0.22032562330245237,0.33555211676980934,0.24249534970716086,-0.6536893935179616,-0.21716476444540897,0.0015840747987153347,-0.22015736921467755,2012-08-31
0.3687401029489369,-0.41569334997714,0.24227598507767162,-0.4620718633313004,0.3340144669161348,0.08473081270138308,0.2735150330449351,0.48537593246540467,-0.1899165603771718,-0.2851809292169872,-0.24429924187776764,-0.1843862134088951,0.06134025754784583,-0.09737454849197047,-0.489189461655273,0.20763907728847011,0.7876281699701898,-0.028303761724375376,0.4621344697098826,0.26097177492155765,2012-09-28
-0.08943937045272111,-0.5961614946113317,0.5809516973254325,0.16575751019149954,0.0006870215576794403,0.5213136097663673,-0.09189050034722752,-0.7016165026663503,-0.14549270353521657,0.0015861335480472222,0.5249137752856213,0.4888704175261448,0.08661359964544141,-0.5294172348892148,-0.23316057317323707,-0.0746512507292433,0.18033635013656768,-0.542733358467268,-0.07460732576657661,-0.7033903172531659,2012-10-31
-0.24527278669086072,0.19882011570640068,0.407168129938796,-0.041713357919184804,-0.759941263824264,0.15306126046101604,-0.3479545834067072,-1.0,0.2375322684738152,0.1070121019602705,0.314642168671591,0.4610995037855566,-0.04907844923961551,-0.1680616259774126,0.3085170143248905,0.28137975903225354,-0.18378818241568795,0.22028683645842007,0.25749537680064827,-0.5934346959409345,2012-11-30
-0.1441242730589918,-0.6356469137965893,0.23107172334254222,0.11142108439400539,0.014539945519701808,0.3259761492553844,0.22705008027931262,-0.2947724433185257,-0.4395617226660491,-0.571887171356307,-0.08865313523693931,0.3491358329330272,0.10183757341430222,-0.4224476382910354,-0.2542272529824588,0.2495351843765564,0.011626617699671132,-0.4963028286391244,0.37123420604427065,-0.2228023378350539,2012-12-31
0.31729912856070874,-0.6962392219654306,0.4300557248222297,0.27167386615001227,-0.3310808645404062,0.04719684129056517,-0.07509749357115304,0.3162912213903532,-0.13413230850594565,0.5347211877183692,0.095507644907288,-0.3344593768580264,-0.17430982814812304,-0.48864578977557566,-0.20626577736833093,0.3294507019740137,0.5342116925583992,0.3272606024827289,-0.46275141027194233,0.20945400104687428,2013-01-31
0.17855864340960453,-0.012981233958931193,0.2323382921584415,-0.08272523789186222,0.07070541500333274,-0.3395720632482929,0.30221378941154187,-0.5917995751430427,0.2538365746992873,0.08113411683974572,0.20463091163640057,0.3347151725587141,0.17562944399727065,-0.49199307001212517,-0.06749372626130812,-0.26090436396987887,0.16914834987069943,0.21481114658445355,-0.10540961260655138,-0.18364979558511407,2013-02-28
0.1490399854218069,-0.4383946462978624,0.7286309001692067,-0.4756266856958572,-0.5012633205382799,-0.2251836563053083,-0.0050024187223978445,-0.19461765419858432,0.12293006107891455,0.6047911270091382,0.09933949829134446,0.0892092368627999,0.07934863421494473,-0.202934284243783,0.09532993339631392,-0.00999110930457242,-0.4497479615231173,-0.19864281068547582,0.12391152207667938,-0.0774444777503474,2013-03-28
0.07183680315710711,-0.141345376437628,-0.28568918985365105,-0.9058026773345969,0.5314581112988097,-0.10157679196231988,-0.6660394044536456,0.41697403178919223,0.1206647563557195,-0.28863292769343407,0.3123861466096067,0.43439772929495535,0.30448966049401005,-0.39894589284636284,0.5360753793222827,0.021559435253084104,0.1881594563263282,0.17278944757058834,-0.2062499070924867,0.3332119293581285,2013-04-30
0.2685112719380656,-0.3568174368315353,-0.07154843411506208,0.11814577563437359,-0.15344762450876098,-0.3511780978343568,-0.09612245125783286,0.2282593053684211,0.2097178959962005,-0.4419511742001921,-0.0753228468022033,0.1059689361159393,-0.3242185495639816,0.11103664085552747,0.4841765678014097,-0.17457436904543258,0.08843245913255868,0.03435533525176873,0.16375973625120666,-0.011839308594043307,2013-05-31
-0.1132251177117303,-0.2721855051072526,-0.6083918477803206,-0.04124251089081324,0.006002320463019434,-0.7762946879116011,0.5318691059263568,-0.1552543803939171,0.3152342565058677,0.472772573557355,-0.13470065185924823,0.45227832303783555,0.07152808822164008,-0.29800872715531934,-0.19314917934389417,0.11662582050628349,0.0885376321898664,-0.1307169293267038,-0.2186031067678748,-0.02260451665579319,2013-06-28
0.660206423373259,-0.006554344424438641,0.11237906093613435,-0.744446951175527,0.02377369867116802,0.569172989471438,-0.023489143599182,0.20998326620126395,0.022285343963826088,0.6096137174685702,0.30025492641420415,-0.17224242303287202,0.5368147228219948,0.0009989510651893102,0.11212946419568466,-0.1646113712223621,0.21688049515032942,0.5410656074887493,-0.19596918428318555,0.33555155197789865,2013-07-31
-0.37071783132537733,-0.11137729039670233,-0.04484785397769696,-0.1652494218070935,-0.08035396400601613,-0.1767228024693757,-0.489179077943346,-0.46259533837606087,-0.3232530340345593,-0.47434750001893455,-0.02819369515935259,-0.12876876363320278,0.02454913106338584,0.2608839379766777,-0.11815020784935684,0.21717574521741592,-0.008249507207675505,-0.06111289725707117,0.11745099241865878,-0.3374088343642313,2013-08-30
0.085137658391334,0.20226564546801878,-0.109613588997429,-0.2795107170760277,-0.14187341203902948,-0.22403893612064202,-0.025315091898613945,0.005199806016467509,-0.22556205045411165,0.3345250810246662,-0.27835577206324774,-0.038922300712740956,0.07701759040427353,-0.008415322261922042,0.3763650866044436,0.13669634323673796,-0.15294371327289658,0.19664613510375617,0.03764514106346673,0.09289996483591012,2013-09-30
-0.22993800448497387,-0.3134535571658358,0.38610452221375924,0.9994553094245663,-0.06649571684277342,0.6378400181770653,0.36845579154403507,-0.33699326691468096,0.06427588546661103,-0.30250133297530146,0.7983291324377552,0.7121993215220705,-0.17034006222577483,-0.46865180852828286,0.23296928070109216,-0.35528258586966943,0.46525362901641343,-0.6147735422633175,0.31595681713118334,-0.4252791018189596,2013-10-31
0.5823322193055153,0.02268226021281916,0.10669986728173818,-0.7104580203873258,0.1871272135666005,0.40465169160032965,0.2599521675740711,-0.09621829715927231,0.5265915798138883,0.33982962121145066,0.08735194664293021,0.07384933639306368,0.028742411174398713,-0.2829998582565679,0.571685146174974,-0.17597830772649492,-0.3080556618972015,0.695240005410066,0.1798634676152566,0.3129360852678803,2013-11-29
0.13820012833736423,-0.08666075043437807,0.7284013142082227,0.006605240503641641,-0.041292551495048485,-0.16333909461181859,-0.2643327192696377,0.2735903826950211,-0.24885602032760884,0.16151008036889103,-0.2726565546565882,-0.23217073104192937,0.03450813951996583,-0.03216961277600586,-0.1312465390881452,0.37620355449389475,0.10276409449169618,0.20288963303554802,0.2788402139642147,0.16165294974586591,2013-12-31
0.4081503257902678,0.5146493095134115,-0.6699668251506361,-0.8333100668678336,0.8891580235273007,-0.5784064208760477,-0.5861579239283414,-0.270346562865128,0.022775750317722804,-0.575987008683331,-1.0,-0.9781084391593766,0.19244262213907115,0.7524549749961436,-0.980215134867088,-0.20133287709677636,0.9999999999999999,0.27043196539237485,-0.005487606083110802,0.4724317903570343,2014-01-31
-0.18102204742723776,-0.10529432248558018,0.11400171515492463,-0.637642678355421,-0.4854124671921681,0.12389809807613444,-0.7739445852466942,0.0749755731524211,-0.0029610366381103287,0.2852775090335423,-0.16729292788004346,0.0053109941330962696,0.0362067816405153,0.03846202754911868,0.2781583922595655,-0.31499370306332347,-0.27118331198577333,-0.09735360847393536,0.22110754858903517,-0.06812172242936448,2014-02-28
0.021448695971223036,-0.369881273002421,0.07161934696292004,0.7245936744592695,0.15738447138809653,0.7078025184472301,0.41396734118348366,-0.9091795265550199,-0.3402512633374189,-0.02293059925983164,0.5844960752973462,0.44085074286079207,0.04348054096298312,-0.5202306184908096,-0.28983452995281733,0.5737870426962638,0.091691675735323,-0.4750959673409845,0.25783059893629634,-0.3729640970423629,2014-03-31
-0.5626506325774528,-0.6689663233133365,-0.05415059692562876,0.8359113014714143,0.13958306143576493,0.9983242203917755,-0.3059744058932019,0.09872441312550012,-0.7360930455464777,-0.3425436226744031,0.9470102926803727,0.7816865241023617,-0.38001951393234923,-0.5050633563329245,-0.3782456095743963,-0.44858072900351986,-0.3246025364053329,-1.0,0.4726677304393007,-0.5690150037568331,2014-04-30
-0.5797731520711722,0.297208647528246,0.572411113716507,0.051647562405558234,0.05819174407833169,0.2212303751542855,-0.33676546208006763,-0.3133098186269468,-0.1952865686914587,-0.6553412564279865,0.047763647496338726,0.20163388928041814,-0.2945505178459155,-0.26404894395691547,0.11668817525924254,-0.17886728504293556,-0.2142865035336057,-0.586576863737245,0.05197144028522535,-0.5417029320323281,2014-05-30
-0.5087140421550147,-0.021565968881641223,-0.09832346873821965,-0.7101818664113015,-0.15143099500658871,-0.9866742376149291,-0.36020502327057013,0.030011283476940223,-0.18606406035658957,-0.7109176150754701,-0.8181980009848565,-0.5442980247329924,-0.5434829444482154,0.24198939685389204,-0.6931975172650645,0.42467983604661746,-0.11668108244953701,-0.06283915639146537,-0.029493719257058362,-0.10033384855107838,2014-06-30
-0.14369030677189257,-0.23394191976333378,-0.49378680472547826,0.007053469746915425,-0.13171266330310843,0.7669927009411084,-0.5417819002357926,-0.39108766662909733,-0.17537944738560385,0.2475651540482664,0.49015004745404067,0.6798103580364191,0.05294119617342127,-0.4761072690781572,0.31919597586444626,-0.2056873073120185,0.45035243388837554,-0.1464362993817383,-0.018898988688526963,-0.39970147219931584,2014-07-31
-0.579537458262974,-0.11215006593526954,-0.5390943742169938,-0.3511370578892524,-0.3009065819543841,0.3517487270938192,-0.3178362026420606,0.05223892075312167,-0.424153717309123,-0.19679001279427794,-0.028672506732500366,0.02337329995361851,-0.34288018006321724,0.035303438012478955,-0.19916765821773258,0.6829457457159298,-0.45588144461326174,-0.20497101149972494,0.13474442589182328,-0.36176953757202546,2014-08-29
-0.10662643310840636,0.25653150914277395,0.4173194416035357,-0.04042436402640051,-0.48673886498992347,-0.35514946497891026,-0.015704598211536247,-0.1397543483152348,0.5896013746076253,0.16057042886526157,0.9571186503149697,0.5459067374919405,-0.3707450550783237,-0.5164043817296124,0.7472059523648745,0.4640370494328365,0.0795117926932642,0.07981077603292985,-0.158178984876602,-0.4314926960879243,2014-09-30
-0.6868361567037901,-0.020729213943131514,-0.31034934499408984,-0.0229264077434935,-0.8512624932922691,-0.10092427487924989,0.7768693454401461,0.01567064627863629,0.9096355447867422,-0.3299493417767994,0.5158405635962215,0.4266293247742789,-0.22243069691355338,-0.5605069748921002,0.4170994002546869,-0.7659919372322658,-0.6208753453740113,-0.014393911545591831,0.5096156552611313,-0.9916442320373012,2014-10-31
0.05206260815496477,-0.10439751021010109,-0.34910421426915317,-0.09333552525391142,-0.5046241088603329,-0.11455783740133858,-0.9452926733888417,-0.2555126838199151,0.48153504646281775,0.027186019941932704,0.464113589227488,0.6492660674319235,-0.03964247373881366,-0.27357149573908046,0.9793601916591653,0.4461898597816578,-0.32428783336638806,0.13764030095076202,-0.1484945890416348,-0.27904715116068607,2014-11-28
-0.24847646794981196,-0.22481707518657756,-0.5069939222752488,-0.23913295776743737,-0.5661225885166603,-0.7267576052477878,0.7059066163670684,0.508286743301174,0.7934822110294697,0.20035351718505362,-0.32999059887993576,0.13010543027582278,-0.6026983106496162,-0.19702321139403542,0.07379412396719812,0.39258043691266353,-0.40292750695822976,0.21612969345291838,-0.6403325346998341,-0.2316842379168405,2014-12-31
-0.13808207694335656,-0.08465899549550106,0.22398189075313327,-0.6595953834782811,0.038932577335806795,-0.262845569229321,-0.47712695705625957,-0.40192109933298004,-0.14635744327057615,0.19048003286291748,0.25092531314092603,-0.053779679047096685,-0.2506159509957243,0.4166041233191491,-0.13353458352479813,-0.9580152378456434,-0.14348962774380072,0.046648722206821286,0.5408859538257724,-0.34916853961556527,2015-01-30
-0.36165539144604364,-0.45538991719209043,0.17560484948423113,-0.11089951753945271,-0.2592370349734421,-0.08893819953151172,-0.13965905179833782,-0.2673302376197438,-0.8793273980190113,-0.42584495114490734,0.03313887036251961,-0.5833054939178811,-0.07421862886061611,0.021063561955571075,0.8019851571405026,-0.04739700938039387,-0.10172149491901965,0.13986543072644375,0.05003740406641144,0.09104332004046056,2015-02-27
-0.5613555399608583,-0.16782610253210212,-0.11605112319336522,-0.13718465509065683,-0.7303570111190689,-0.5435487352751928,0.530570645328134,-0.18873638467537782,0.740907664447984,-0.10086757609575966,0.30744934982806393,0.26924926614858025,-0.6888356527631788,-0.5727187209296178,0.14623607647421988,-0.28432277269334344,-0.8263836413116047,-0.011080707340223706,0.3090441168698148,-0.6537603189045098,2015-03-31
0.2887580708248373,-0.025811498047773995,-0.35756315628832097,0.5673493030326802,0.6186742892786293,0.46695034770542054,-0.24396178480268088,-0.611840783178652,-1.0,-0.7942855637033278,0.18163810149015427,0.39446955079958546,0.5545985889103945,-0.4015822345317086,-0.30878053837141906,0.26815183761544226,0.5913713829122326,-0.2682669407800761,-0.5441531096821959,-0.36750386854547235,2015-04-30
-0.1371726761654036,-0.023238309853182954,-0.33875054679679095,-0.8948313044082462,-0.562554222567879,-0.7386036749951862,-0.29084136418430945,-0.4020235289593131,0.318762268824998,0.165429184771281,-0.03824561092420317,0.1028976263980836,-0.04747915291204435,0.10392726350147649,0.020811772721501885,0.22255455445022473,-0.22029950051722597,0.3691182868417675,0.06555269984812401,-0.09154298390589005,2015-05-29
-0.20685462830325865,0.13337854477338745,-0.16716320967180281,-0.37471970498290186,-0.7715940045731395,-0.5016084962741659,0.6255631167441661,0.061408324871787434,0.745142802219286,-0.3155297655729051,0.17262884899208292,0.1768085218159253,-0.5786051968467636,-0.5180364239181341,0.8273242857225165,-0.17264560065655793,-0.8087627505979262,0.3232812250166889,-0.24399706669967397,-0.5842743297767753,2015-06-30
-0.6819194586239712,1.0,1.0000000000000002,-0.15917313661406224,-0.475802513121679,-0.48108830247698353,-0.13954917560072713,-0.18568332805171583,0.9931620998105891,-0.4413020661322979,0.788779013103479,0.6856727051254162,-0.5505705173860782,-0.6201107604466257,0.6438426035496094,-0.16956662763253938,-0.998758554933178,0.03533699238658353,-0.4629827456270911,-0.6632040039385072,2015-07-31
0.16959177987625867,-0.5934942383817197,0.20422100857453704,0.6309448744705004,0.0782053738522818,0.4998556101423592,0.6079439319197343,0.0829662222178909,-0.1596253320852939,-0.5718690670990705,0.48444368558826406,0.5880605412282135,0.4708832400257841,-0.22547237854318347,0.06108885727956294,0.16299466502530463,0.22757012156509582,-0.587559678597837,-0.17668997691153743,-0.30145349107805414,2015-08-31
0.24740882520401897,0.8165324711628799,-0.361904846070237,0.8812531301562844,0.08765474135420279,0.6187469406720625,0.591431343291511,-0.5062583041335907,0.9999999999999999,0.3590096723758162,0.9924902404733149,0.8446320572299897,0.2879121380524695,-0.7588365970484912,0.9801215780602611,0.5520558601607227,-0.2369020111365553,0.07131673745589662,-0.38804797281085457,-0.09558248555130569,2015-09-30
0.25174714030626827,-0.6863862363961726,1.0000000000000002,0.09787906654335773,0.17170503452396485,0.6985112202831851,-0.41424712100234484,0.05540084133395873,-0.4884716269271315,0.2674900266980346,0.34406730291064375,0.39182904540246455,0.05655258045504455,-0.22734548440407162,0.19263247812124062,0.10197333565013462,-0.2549345914400921,-0.22243422857398829,0.600338412101863,-0.37144974549510623,2015-10-30
-0.45738517532011924,0.14494628334731885,-0.07065637526292753,-0.5724412286166616,-0.7515829557725408,-1.0,0.4122980357682362,-0.3371984692136837,0.13884025769822222,0.7595584298277254,-0.5724802516332661,-0.15466168817920775,-0.004612041514349172,0.10965336667195777,0.48194951215831583,-0.6950730704643139,-0.21135168545491245,0.9107706494555297,-0.30948465679844195,-0.505800736248862,2015-11-30
0.22566372345029329,0.6379846089972221,0.7155769374978557,0.12564293709308622,-0.42204176955738015,-0.2760525174814574,-0.6395388935180917,-0.05057573598055335,0.2761491292545499,0.06192461509533581,-0.08859114127591791,0.3777794723099315,-0.24971860948038271,-0.2323892797704632,0.6778558009889699,0.014899502219935811,-0.48864241363991445,-0.0065299197621677685,-0.5247876287173899,-0.20549897153461902,2015-12-31
0.8350653110610203,-0.2853357036600841,0.6613057617302422,0.9999999999999997,0.3945523885976919,1.0,0.6392382880011277,-0.6826751469698754,0.6993350615271892,0.47610157942016684,1.0,1.0000000000000004,0.5779995936117192,-0.6691126826660454,0.22855909770783658,-0.10516743606449838,0.47633431212153954,-0.48414993606940815,-0.25543847530346697,-0.2122426829470876,2016-01-29
0.3192811311644152,-0.8018188284955567,-0.5819698214523521,0.41026204513390696,0.5800254787734483,0.9740812082120002,-0.8121379163497131,-0.16538653459699318,-0.37595282071450875,-0.03585550078197727,0.11049503506682591,0.4133784072561349,-0.010201030193126584,0.27181566197155166,-0.1882666377603065,1.0,0.2447933558417097,-0.20712058833977778,0.2273525552156993,-0.008878147555983568,2016-02-29
-0.005204784189005357,-0.5288319235569992,0.14161687049576918,-0.40022261540989956,0.19098436331283908,-0.00731559233066831,0.009495429235189812,-0.3405513571760167,-0.8281477466623206,-0.17578326465952626,-0.0023701391774544334,-0.2258939928655332,0.356913843306967,-0.0358656033120892,-0.25053578415516,0.3638153424396825,-0.23510422910939063,-0.43246187420606896,0.48586698054135574,-0.4118540140141591,2016-03-31
-0.43357064681398233,-0.9856137465647951,-0.6474840241305831,0.09625716253616773,0.21402976978674082,-0.11769952138714672,-0.048543631694535405,0.3564468253879395,-0.8756209962327602,-0.19175639653342735,-1.0,-0.49728055820261974,0.4044295746957873,0.0290521436609045,-0.786286053613338,0.13428908793276378,0.2350656595516007,-0.662843074001418,0.9186941458266051,-0.5172893638107808,2016-04-29
-0.2821760941422091,0.5506275865224799,0.4007463120606344,-0.11404274310971053,-0.4428012796428152,-0.13717732071741606,-0.005773283721984601,-0.32551822062304825,0.12779785134801797,-0.2716361515899204,0.016269599256847865,0.19172240909788307,-0.5723403605652833,-0.0022753439064245456,0.19648591409721944,0.08068682996154669,-0.3482115293928297,0.0431857886823378,0.15224474989465236,-0.44719207979090136,2016-05-31
0.47544296738463443,-0.19162666340189732,0.2854879698583309,0.6160187477604587,-0.045778788572624185,0.2503643042081889,-0.022058520144698224,-0.4090530036615965,-0.49220810434541024,-0.3089770845104224,-0.3411585354497867,0.1437965149341861,0.33862573044772115,0.2053115182993162,-0.5928585281478588,-0.35617130747792825,-0.3313690151226568,-0.8606242643184772,0.25219078259782124,-0.2051597232556447,2016-06-30
-0.09926782788030189,-0.40849704476954,-0.11324000064455014,-0.21792300388873564,-0.29437621274486014,0.08511067303735943,-0.3373107893871967,0.2875730520211414,-0.4090413033338661,0.4378660868975699,-0.21086201197926238,-0.15406619245999179,0.08860643250862638,0.13577484261317702,0.3673006191145725,0.5647149068989001,0.1629266220309875,-0.04768551212418423,0.5717326520396948,-0.1588897346377094,2016-07-29
-0.16142610534561339,-0.4285112742128314,0.2806535014340592,-0.3535601543682563,0.08695451154483846,-0.15592276078340403,-0.06648741755287915,0.9850946728562024,0.03755206523637783,-0.2144453345503316,-0.16936313452965282,-0.04667680579395524,-0.40973800323763127,-0.49381433032598604,0.04017130675298598,-1.0,-0.25820994418026655,0.024585113576847922,-0.3072017668537296,-0.36193964082264696,2016-08-31
-0.09426273040846771,-0.48675581014307234,0.3668863369338581,-0.8663040537279166,-0.3016136225356175,-0.9249253837423047,-0.11464864632254962,0.2999995551262784,-0.04114273229749976,-0.3318096422845687,-0.9907954519956097,-0.2801494088165341,0.12842107570656208,0.4503710912619968,-0.38515000858941656,-0.5196309087079335,-0.06834770635076606,0.4559250205108497,0.1899926851131123,0.007067423933628969,2016-09-30
-0.13939070126170744,0.8177474332031458,-0.053380845470056726,0.9999999999999997,0.36020651585888647,0.9136831029842983,0.21739959280742532,-0.35127134316479697,0.5494288990913415,-0.24274454430272294,0.9054961432214923,0.9880820704353782,0.1095342171368116,-0.9944500538434443,0.1427122221700001,0.26450676584268196,0.3228413460771944,-0.8798361940093268,0.23867647992588537,-0.5645191865262833,2016-10-31
0.3197091117446499,-0.5037402216637636,-0.9773972408163384,0.014674193035645683,0.6842804289093478,0.5176912641133337,0.9870130527049004,-0.08093711709945191,0.3132598692225333,-0.9800125765638144,-0.126468722024662,0.2978090662612081,-0.3088603041168141,-0.7026725538806036,-0.6406721238416367,-0.09862627607331803,0.6810224362553557,-0.048902484267125707,-0.47663849859705254,-0.2501383580625846,2016-11-30
-0.17183429688688667,-0.1807451983991294,0.07743611034614523,0.4571965915666829,0.3724030447805654,0.6746463091290136,1.0,-0.2710189272953373,0.5144789266538081,-0.41590880064441127,0.7409565792102931,0.5181026153859501,-0.10205100639056025,-0.9139291179614328,0.09495585914177972,0.1992817386779908,0.19907958857523028,-0.9217219178051749,-0.019417458436860352,-0.46899651980436163,2016-12-30
0.4892705800544056,0.061167633369722724,0.0972977982442111,-0.3188444727583254,-0.13525601118965191,-0.13913062229791284,-0.5652246609402178,0.6015776406584895,-0.5343679296822387,0.5728583227390073,-0.36836685234729744,-0.5214275444598084,0.1397859069927605,0.33137981996048704,-0.04580870902869424,0.611584125512849,0.13577218526493007,0.008486862396616779,0.022733758954131364,0.29794106313197466,2017-01-31
-0.868647041442343,-0.575711317090855,-0.10667552584318854,-0.6854541929020916,-0.8863557089657651,-0.5991861798147157,-0.8674584926760691,-0.2970578009809298,-0.25191398654331054,-0.3187787534629956,0.3504642267940752,-0.32170381145593085,-1.0,-0.19567226561702647,0.7021220617930508,-0.07622648292637993,-0.8634157834570048,0.05045065132200213,0.799321419820408,-0.6347267322748598,2017-02-28
-0.43808183671646805,0.038250669193921005,0.3446293445847477,-0.1637577787707607,-0.661366770028173,-0.2378364964266094,-0.32545849076571653,-0.7512249382572646,-0.10267265651716358,-0.17881619313787525,-0.23834263924173738,0.09293636312806022,-0.5152998370891959,0.43625012227573357,0.3133078969544453,-0.3125686373840628,-0.1200490570045544,-0.03051867979544101,0.22791360055426416,-0.28535420264388084,2017-03-31
-0.9931382983294139,-0.3828288235471108,0.335328344352839,0.3255744030668978,-0.4922660608656783,0.2537682829512075,-0.41723258187718615,-0.7154082435479145,-0.2901393845110032,-0.5370882146381146,0.12066757737511793,0.48037838769296287,-0.31168418222954486,-0.33332360153862345,0.8521107499939822,0.3045883217431151,-0.31120620162229484,-0.5804272862632116,0.3546179552756778,-0.8790543996740298,2017-04-28
-0.4301440910144193,0.1204712184040766,0.43835830303776263,0.32352118242579175,-0.47384031895139855,0.013453251608123535,-0.8353772302044364,-0.09575886998374863,0.2792921006161588,-0.07155873965886561,0.237745009490814,0.5419440527820261,-0.29315347599212793,-0.10275180999661253,0.8842150218155704,-0.9874722461255183,-0.1160820266306332,-0.3386207102750246,0.6362170004931722,-0.6496043907219723,2017-05-31
-0.290911682706942,-0.9099637512386087,-0.4717064344069382,-0.7599749287844337,-0.7109591001096875,-0.24803620826834982,0.10584903345199703,-0.5850603915003214,-0.09786975069056887,0.2564136142046094,-0.6334673346745066,-0.6312150065983346,-0.3062516624399708,0.040233982739257323,-0.15981532849032895,-0.11357825593852253,-0.4821366745546366,0.4855378468113082,0.4668509654269803,-0.6518436115891226,2017-06-30
-0.5073147242064062,-0.05992104992331625,0.41938130914856186,0.0016407522637877647,-0.2605439662492256,0.01882505590549742,-0.42483914091486663,-0.48857977607312747,-0.341347958110528,-0.3882225651839611,0.05472960343107973,0.06982268883323772,-0.10013862377323654,-0.07625400449898628,-0.45786897042839025,0.006128717112261636,-0.13897171277464943,-0.39345081273049465,0.20389103739005865,-0.6377838963158102,2017-07-31
-0.8012529626539788,-0.17977955625829076,0.1812170197548176,-0.587945695582845,-0.8884850389525696,-0.46582369400400525,-0.36268805523045966,-0.6104329847004761,-0.07990958085891575,0.21443600324380002,0.1673608683554422,-0.008119374803401858,-0.9925541295283469,0.07490281298786666,-0.1870563194810314,-0.8737505239299528,-0.6969370952840075,0.09072503007333227,0.36700838303513167,-0.5120819137124322,2017-08-31
-0.007424086471043215,-0.05847456744610148,0.1657913687342623,-0.7575614551782391,0.5370162146637718,-0.18047399107507572,0.786065962324849,-0.30845868180703656,-0.09439443713116133,-0.30812684112567224,-0.3287444381298728,-0.4717441217073297,0.5423325867877931,-0.050121764922954656,-0.19310794775751236,0.6388649874971313,0.21307381686038196,0.5021279618705242,-0.9763847864605879,0.4132202617244687,2017-09-29
-1.0,0.5051528683956814,0.1271311782477827,0.3828112396113226,-0.4745305287240018,0.04199863565027106,-0.0721402032506575,-0.48519386651299623,0.21768312207245594,-0.3255387415809259,0.2987444844585407,0.5893801161581782,-0.01726978960427969,-0.3277673136153565,0.6591162427459075,0.0931038398397381,-0.23852112273948217,-0.3217716434751785,0.06027718703638546,-0.6351512299550282,2017-10-31
0.31088307501500345,-0.22380138665841826,-0.5636433169759105,-0.17676959479162346,0.35707559304173514,0.5143967234787581,-0.29415180391327633,0.6153779063213206,0.08282475858051302,-0.35269562037879776,0.6559344182193153,0.33567081827824713,0.3296070481799721,-0.09678109370910154,0.5743826497871617,-0.43853326033497353,0.467718770349676,-0.013051447839772606,-0.40062939615462045,0.07913819185899013,2017-11-30
0.27551771927414626,-0.41704647383704246,-0.1943488615414139,-0.3365141820060869,-0.20615148760088678,-0.2623067686904483,-1.0,-0.5562988526956771,-0.2623449932589858,0.008667330660935627,0.17094196183370747,0.17381479210521122,0.7759033622087075,0.2096763750152152,-0.07277901620864853,-0.3806745031816139,0.25726051121408533,-0.3092514760883303,-0.25354371636367456,-0.1551311158799099,2017-12-29
0.34734687930593366,0.27606797597902494,-0.09311447561666447,-0.7006748734115982,0.1985165684845589,-0.07214463008034856,-0.5703563148527236,-0.3503608952072378,-0.6099797870990236,-0.1500981971712777,0.10334605733871616,0.3979900373976195,-0.19290303233399841,0.16715355246788932,0.9599489772590156,0.2774550885120089,0.5274383983756847,0.5341160422898461,0.08385511855619565,0.08395125621778488,2018-01-31
-0.26966204232328517,0.46968119096252947,-0.3444615622273106,-0.01899844215438165,-0.6922578848256837,-0.2288444420028096,-0.21287890957835814,-0.24014331198636724,-0.21283046966769564,-0.23462238878794567,-0.14336400882678482,0.26542896137300165,-0.9153296023579286,-0.12727896480338546,0.4661475673357175,-0.07725454861818691,-0.41952250077623177,0.1271951777220876,0.7918977001857048,-0.07411501297844125,2018-02-28
-0.17973778466051546,-0.5745659966125187,-0.21605698998043357,0.34975236939807897,-0.3332821919813544,-0.4522240228092273,0.45139798775685236,0.06509182366665095,0.2074336434987602,-0.41349543140399053,0.14891383643808992,-0.13174456574642257,-0.19360252302823186,-0.26476667861395287,-0.2803506348133391,-0.06846958514459213,-0.3082769532637021,-0.626188073928533,-0.026635582334767774,-0.47867281396963657,2018-03-29
-0.07998611811521258,-0.8334526435498109,-0.18495960820598922,-0.2316287628175276,0.24117689489961391,-0.08495480176391665,0.09875051454491784,-0.38542831687180334,0.09994621931879902,-0.3549974812617366,-0.9988844598293884,-0.43595129870761407,0.6349722926708821,-0.018079213442478342,-0.08000922425539699,0.03929820657657637,0.08369135699369368,-0.3480948714358511,-0.6649552133589274,-0.25589956264560043,2018-04-30
0.5702906631565025,0.10032490095661806,-0.28962590763145696,-0.2532706633850782,-0.11141794741983885,-0.116108242764115,0.034951695383082376,0.0667893040502707,-0.49570923661696803,0.21056915684644806,-0.7383493373504497,-0.2965034767451245,-0.1003924198243635,0.4080639710399141,-0.1761104644964109,0.41963877727161325,0.19959204273027864,0.372882941785758,0.15383713030527113,0.12985708462166823,2018-05-31
0.052872602311808764,-0.8999729812728767,0.04207336950725107,-0.14560976141016851,-0.019847006790317298,-0.08236255598854877,-0.39305167028896126,-0.29860356214208605,-0.38216546358012815,-0.3530066840016177,0.18520643555707567,0.09642511063299831,0.5793959269518862,-0.14260556932435675,0.40309102634025756,-0.41279432813341455,-0.6347787333661357,-0.9348881783431312,0.1548373871530035,-0.2046544381793941,2018-06-29
-0.3771964248030824,-0.024366305243708697,-0.08601025028855266,0.11866428134622545,-0.5562815298504061,0.4572403168376364,0.06488201138044072,-0.40811564788785154,0.10606535020659205,-0.24651896334663187,0.5093360276994607,0.8001481215200575,-0.3732228804299804,-0.4227808812490759,0.09011274302185898,0.7536184412995247,-0.6195840412752729,-0.7457588381390101,-0.18222307623522088,-0.7554019685597914,2018-07-31
-0.45772496197317497,-0.08855303168840806,-0.6105953083990241,-0.6090233236389169,-0.3845030655137381,-0.31020429772937225,-0.6233211429625344,-0.15620081273941686,-0.9135390640562836,-0.5871172001563332,-0.4217572706156903,-0.028169161171284665,-0.21429934595040204,0.2686465117748831,0.563267353602104,0.06579814154312491,0.43751794845477343,0.024150069363192833,0.12255455494407036,-0.23118933107342657,2018-08-31
0.3673004448209786,0.07584554897587059,-0.7181976545036086,0.04834445049127076,-0.10192163120246789,-0.12845762764978888,-0.4023104112759107,-0.19907001169592015,0.399241846758449,0.5454588673494771,0.054959015987325985,0.377695728099021,0.6691464223382209,0.09865770478125649,0.0594020930243013,-0.37386385981083137,0.05676154635812858,0.052798257312104385,-0.012175484408423976,0.11060854663561992,2018-09-28
0.0985334359582366,-0.5523427415159067,-0.5444248226412475,0.5034801496576242,0.6698747227698997,0.5982967052421694,0.1156001243322542,-0.5470649812244878,0.22214135157047676,0.1138129581406189,0.21821753114725703,0.9562342365365323,-0.24580261864196662,-0.46664144602033336,-0.11133284561812076,-0.4892899087869932,0.6216169410814525,-0.7255113267378268,-0.2961377890697074,-0.457278472075208,2018-10-31
-0.7166182297676036,0.709861691056267,-0.2641194990764065,0.3284852227600907,-0.06957564422216467,-0.014418715352984175,0.08662156641943908,-0.021363784558096385,-0.5609464277649377,-0.9148140020689258,0.41940488802937886,0.706913824201593,-1.0,-0.44411633304858533,-0.048765049795655095,0.045736654931422226,-0.48127613571120026,-0.4683123762401666,-0.16909114690318305,-0.5027095941164261,2018-11-30
-0.7368118087333403,-0.06478526032510173,0.34774156027578335,0.3810256934745706,-0.4520943895050027,0.0008444242917082065,-0.10800623056070058,-0.2145690483318036,0.19434329035331155,-0.054280896721040306,0.04340958992981024,0.7792397560873914,-0.8578047182796293,-0.3436229366488145,0.054946122298641736,0.20835002160750404,-0.1319341388408342,-0.9788993570894238,0.3231422799463358,-0.9986576170256326,2018-12-31
0.3731199098184307,-0.028081192567097457,-0.6004381008060686,-0.9916897374860902,-0.5930988554005392,-0.5715474180732472,-0.7237227110827174,0.6345016973034862,-0.21271516009773644,0.06917190548734553,-0.06508446524762845,-0.9522745717269789,0.9848412167379118,0.8802876030343604,0.19524851942529148,-0.3553386807169368,-0.5158816692568959,-0.12558589051570107,0.11476596806169999,1.0,2019-01-31
0.21412609999382093,-0.541123528901885,-0.24614707805796276,-0.027759872904652455,-0.5854281904826633,-0.28690123056524536,0.19958437416601826,0.06501745692654443,-0.12441150085196401,0.006884250666961647,-0.11610571912184081,-0.1348774640923438,-0.20034928251569278,-0.04237868242954873,0.10451593669388742,-0.48354004346165513,-0.2741684101774399,0.5442260847832036,-0.09733819800046023,0.09170233768607683,2019-02-28
-0.2369771025643957,-0.17932396244909632,0.04088911819583108,-0.4701926686050803,0.043681014900768866,-0.6485389272577833,-0.7735200216715835,-0.6022666803094568,-0.296966213667744,-0.4794244072339535,-0.14561129394519234,-0.30473693678421815,0.2643957429091374,0.6229595273859663,0.049194568201616266,0.595190973517736,0.13305945196776103,0.09179949954319894,0.4754296343080487,-0.36807419411079717,2019-03-29
-0.523034146089212,-0.02068437534406739,0.270712827696149,0.8567809571073787,-0.394074680715339,0.20301412619847378,-0.18230079722813355,-0.7186604881945726,-0.2605923236875835,-0.4017785352156021,0.6375983136632343,0.5407282337879489,-0.49705501472115415,-0.5271339153816481,0.6442993101871989,0.6400745850238982,-0.6226339431726752,-0.904315432783771,0.5200586552958182,-0.7795706690957479,2019-04-30
-0.42363498609821243,0.4806392032319021,-0.3739377486983852,-0.31508515502762835,0.02184366600892021,-0.06441345291687928,0.21478074560113875,-0.6334721097991792,-0.6554910884419798,-0.4481261061019003,-0.40855231345800713,0.19500903279781526,-0.38477946167329763,-0.3060905600871192,-0.13984254106916824,0.09878920928497448,0.03743193831219352,-0.4775652643210136,-0.47833587059543325,-0.2279236282697989,2019-05-31
-0.6704745750738833,-0.46190887328278135,-0.9996671601004222,-0.24484726788938957,-0.7995212795486675,-0.15881642837457832,-0.7223303891572584,-0.782588176517549,-0.6282448893799412,-0.3335053336305801,0.38401876161811127,0.45639600876033115,-0.6361553083804462,-0.41075774039783786,0.01664287337542289,0.2806851857084937,-0.9956664422816203,-0.3494522274263759,0.027368602718854156,-0.5647016299312844,2019-06-28
-0.3427650215002203,-0.06141733316078393,-0.7681350565472989,0.37785630092683886,-0.23561253935105358,0.37383400255764765,-0.3211290035795483,-0.6127292405313458,0.2584201976683976,-0.3857347856814911,0.18738982552619532,0.7216693093534108,-0.2580154045438807,-0.35330242855565125,0.7107728846281927,-0.7594169541258343,0.3380092315297885,-0.5672703749636037,-0.24430854568496874,-0.6734280683963378,2019-07-31
-0.4844420473398187,0.7626658606119736,-0.5264422659863786,-0.049379350846893336,-0.28763176190747336,0.062398369889746584,-0.06105485376893732,-0.28228804382419154,-0.09320298251769085,0.1539330630031034,0.036611602035232976,0.2913276207156992,0.5946630430813388,0.053351656656104834,0.003665460189939365,0.7104523809677705,0.0166667845324531,-0.5162137410300198,-1.0,-0.4978777269490249,2019-08-30
0.057902960043374446,-0.6450648591885724,0.09439821125616442,0.8348392911309023,0.039159358520657606,0.9732808691176622,0.6466559616314363,-0.3916311378362847,-0.12397215184016185,-0.1842067080686135,0.9412807907194526,0.8450291170096812,-0.16090147870554264,-0.718093407365216,0.14991418808257673,0.5603777291312763,-1.0,-0.8338579524502071,-0.018052021210137048,-0.5715707432967017,2019-09-30
-0.21353258512377277,-0.6729485658770897,0.04270511312704752,0.26668165409025096,-0.4720472736138069,0.4098598024968483,-0.49250725078267577,0.43330739274673513,-0.23125058221807882,-0.5514747920222429,-0.13629322036918812,-0.00928073695065365,0.16906700600080982,-0.2606540363962445,0.030840798572166473,-0.4763686291829726,0.004951077400258103,0.08854880667676901,-0.9599902484506013,-0.5177269693355291,2019-10-31
-0.7387653712762255,-0.0496642639892088,-0.08689104321610513,-0.20504599068856288,-0.8389322530370661,-0.7635879727560327,-0.7110326605192244,0.574845878657938,-0.9558551166201337,-0.7220334464471382,-0.3954776870271874,-0.3244829587318328,-0.5344331378542266,-0.2294840799652583,-0.3819703420425614,0.7256855721739425,-0.6544300859820261,0.3074792176045217,0.18678301634093447,-0.2996134242020391,2019-11-29
-0.11351750638064356,-0.2043447084665498,0.06264651852909842,-0.9812276688345926,0.043446622226837095,-0.4912371667187836,0.18134256064072501,-0.5747402557622731,0.28211096849314893,0.0231499630106502,-0.30658287693711533,-0.6214840612781347,-0.20446149729925805,0.346044966792684,-0.3258150609885349,0.45443396208657366,0.012437427437911208,0.5399101157707622,0.7709059294004187,-0.00527562195625747,2019-12-31
0.9718784670765157,-0.1936624571245008,-0.7491533958293709,-0.3764742324866366,0.6828015366880559,-0.6552264336272834,-0.7616054058465891,0.37610041823467494,-0.3523919601013528,0.1435056669333442,-0.3292619292230411,-0.2916535115972184,0.000705272147899394,0.9752843757712752,0.1948176630750251,0.5142536539264939,0.7385033032151231,0.9897168129308129,-0.9912838526225953,0.9889424031460433,2020-01-31
0.7357716363327047,-0.19214203903295213,0.27726502985953577,-0.3590165077316822,-0.36349318668847597,-0.9685096527069157,,-0.1542008327198986,-0.5670859982806039,0.7575635733120242,-0.6507750755512611,0.23304579454292149,0.06967036706442159,0.317643457844852,0.07430418649085749,-0.08610886096589744,-0.32235927436596623,0.4780376324658172,-0.1552244721120124,0.004067407529695366,2020-02-28
0.2648900002327828,0.7083258182973798,-0.49294910646033413,-0.26240761145920344,-0.17109943211618134,-0.7704291611273195,,-0.8697722388534883,-0.6215442974334139,-0.1707695540222947,-0.3111459270158329,-0.283226140531386,-0.2898266301209985,1.0,0.9505297991828225,-0.2638508561770095,-0.008748731599006729,0.7399303375153028,-1.0,-0.04657385663606714,2020-03-31
-0.9439860836317083,-0.841367387002186,-0.48015768546708776,-0.7520733040634463,0.07123154718944713,0.5788876935317023,,1.0,-0.7989781089395483,-0.48141396940560105,0.07822123735874623,-0.6754251891514476,-0.5331632092945175,0.7884377992088027,0.9581340682543181,0.3569389534447258,-0.011960552034991467,-0.674343839216949,0.9999999999999998,0.3536205864794344,2020-04-30
-0.03265837773803701,-0.4203012988582922,0.6490031022659939,-0.9536451576012408,0.0011576495208217574,-0.8700429754505702,,0.44638314997066897,-0.6122973123712828,0.05985682771682693,-0.35670561779292387,-0.9677170899542271,-0.3036131961444535,0.9894972768255192,-0.02066293447687067,-1.0,-0.06976453558852257,1.0000000000000002,-0.27695532733625655,0.865351412133102,2020-05-29
0.6669087656994166,-0.2188422885284639,0.1737115314474695,0.009415414111489384,-0.04124106754172724,-0.21097836121895758,,0.9641373955227519,0.12727979710851456,0.9999999999999997,-0.6996179573206149,-0.7719194483762346,0.3327090866301123,0.31888124042780813,0.5015021500811503,0.1617871452154132,0.13332199895707103,0.3601042512331274,-0.45595020853470203,0.7276294827436518,2020-06-30
-0.5989492118391258,0.037237043451194024,0.9782339098976804,0.45636998217158775,-0.18817046961263514,0.40832127635208754,,-0.3129225989480796,-0.6035853417168919,-1.0,-0.36504635846056177,-0.10406968050839643,0.8846620118215394,0.3634769018263374,1.0,0.34691525594669814,0.12500017034335809,-0.22903766765844366,0.16334788484004575,-0.28215809013217064,2020-07-31
-1.0,1.0,-0.38884758391537405,0.23813557459000034,-0.8365542263742192,-0.10164692153506512,,-0.7988193496808353,-0.5653898890326581,-0.9900573479273346,0.17038370918138254,0.4475312217955774,-0.6513757958944922,-0.37694258964223937,0.7840752878518157,-0.6733358558462326,-0.3634352295923094,-0.861276684135286,0.33217202795371775,-1.0,2020-08-31
-0.4853773739724267,-0.2825068594002757,0.43284419231103843,-0.3544403947401301,0.37494678142831306,-0.35068668333392367,,-0.5845457224932744,-0.8644656687052249,-0.4928297840081254,-0.09757363801840441,-0.02800442294747682,0.18793365185326383,0.26075086617536425,-1.0,-0.26005619328987756,0.4270366706486205,0.24727438499562288,-0.11562431427921913,-0.2440883362796327,2020-09-30
0.0607416595209854,-0.6241767402202314,-0.22639856208855388,0.5818318443231132,0.5071622620165963,0.137742721833006,,-0.3751254824590789,-0.1013616143543084,-0.038305209340649474,0.18734390604956502,0.33860601195658646,-0.5900508507659418,-0.8643614931759872,-0.2223429510746527,-0.21153884280858992,-0.1369364705939747,-0.1713619076290099,0.20698321233333686,-0.5825885826846775,2020-10-30
0.8215798691953016,-1.0,0.09853682504347301,-1.0,0.9962745418316985,-0.45347535825234736,,1.0,0.32211616034159524,-0.9113083797221843,-0.4367004685442763,-0.005927644270481966,1.0,-0.4883187011692387,-1.0,0.9791271456547361,0.977985488568366,-0.570265673496279,-0.645531839946738,0.9177151833110256,2020-11-30
0.13950032597521933,-0.17436835245342544,0.13575864600792514,0.4455027216010333,-0.11563733281772967,-0.8685933558401436,,-0.23239297242894885,0.7113651977825607,0.04205114122104098,-0.2778555049391157,-0.19846579986023777,0.6452077057794267,0.031655254761605994,0.03830444189306127,-0.7009720739814421,-0.3578015849279371,0.17425194459652682,-0.23576216286490442,0.3933899850286511,2020-12-31
